Date,Open,High,Low,Close,Adjusted Close,Volume
12/24/2024,967.0,997.0,953.4,982.95,982.95,267963
12/23/2024,960.35,978.5,944.75,965.6,965.6,371394
12/20/2024,999.9,1005.05,941.0,945.25,945.25,288704
12/19/2024,988.95,1016.0,977.65,995.7,995.7,275397
12/18/2024,1018.0,1028.7,999.25,1008.8,1008.8,649665
12/17/2024,1005.35,1063.0,998.9,1014.75,1014.75,790418
12/16/2024,985.35,1012.85,977.3,1007.0,1007.0,311199
12/13/2024,948.05,989.5,935.0,984.2,984.2,300995
12/12/2024,955.6,968.0,943.75,955.35,955.35,199373
12/11/2024,973.65,973.65,951.55,955.05,955.05,289349
12/10/2024,973.25,985.55,958.1,967.2,967.2,250174
12/09/2024,996.0,1007.0,967.85,971.2,971.2,526839
12/06/2024,960.0,990.9,942.05,975.8,975.8,777411
12/05/2024,943.7,970.85,937.65,956.5,956.5,418235
12/04/2024,907.35,942.0,902.4,939.55,939.55,686726
12/03/2024,899.5,910.0,890.75,902.85,902.85,305372
12/02/2024,902.05,912.0,882.65,896.55,896.55,313534
11/29/2024,930.0,951.9,895.3,901.05,901.05,796921
11/28/2024,924.95,949.95,913.0,927.5,927.5,613391
11/27/2024,894.4,924.95,887.0,918.65,918.65,608902
11/26/2024,893.1,911.45,879.5,886.45,886.45,431968
11/25/2024,912.9,939.0,882.0,892.6,892.6,758875
11/22/2024,846.9,909.0,843.75,900.0,900.0,1714861
11/21/2024,824.95,854.25,809.0,845.4,845.4,743593
11/19/2024,785.9,833.95,785.9,814.0,814.0,621930
11/18/2024,772.85,787.95,758.15,783.75,783.75,354502
11/14/2024,760.2,797.5,760.2,769.0,769.0,762241
11/13/2024,789.85,793.05,750.3,753.6,753.6,767010
11/12/2024,828.95,840.0,787.0,789.75,789.75,490721
11/11/2024,848.5,853.05,813.85,820.15,820.15,494558
11/08/2024,796.95,855.1,788.55,848.15,848.15,1035748
11/07/2024,800.0,813.25,790.65,795.8,795.8,321928
11/06/2024,765.0,804.15,762.85,797.35,797.35,490321
11/04/2024,755.85,769.9,747.75,750.7,750.7,213118
11/01/2024,764.85,772.75,756.65,761.45,761.45,128455
10/31/2024,745.25,778.35,745.25,758.9,758.9,591090
10/29/2024,734.75,748.35,725.4,744.4,744.4,338341
10/28/2024,746.05,758.5,726.8,733.0,733.0,782558
10/25/2024,765.85,767.8,714.4,744.6,744.6,822274
10/24/2024,750.6,789.95,739.6,764.4,764.4,1252292
10/23/2024,715.5,771.25,700.15,745.0,745.0,2904096
10/22/2024,728.0,728.0,669.65,687.3,687.3,705311
10/21/2024,723.05,745.45,706.25,725.85,725.85,485450
10/18/2024,691.0,729.9,670.4,724.95,724.95,1032212
10/17/2024,727.35,728.7,690.9,696.35,696.35,305197
10/16/2024,723.05,734.3,717.0,721.4,721.4,199066
10/15/2024,723.75,742.6,713.0,729.6,729.6,325500
10/14/2024,730.0,735.8,711.35,717.6,717.6,330172
10/11/2024,732.0,753.3,720.25,724.15,724.15,409209
10/10/2024,743.05,756.45,726.4,731.7,731.7,475562
10/09/2024,751.0,766.85,725.95,741.2,741.2,1337741
10/08/2024,655.35,771.95,655.35,753.6,753.6,1380828
10/07/2024,698.05,712.65,637.35,651.6,651.6,1048228
10/04/2024,727.3,732.0,691.2,695.2,695.2,807368
10/03/2024,703.05,755.5,700.0,727.35,727.35,946199
10/01/2024,688.35,742.0,681.65,731.25,731.25,1867118
09/30/2024,672.4,695.0,655.05,688.35,688.35,932752
09/27/2024,706.05,708.6,667.65,672.4,672.4,678127
09/26/2024,689.85,724.85,678.25,705.25,705.25,1015810
09/25/2024,677.05,694.75,677.05,686.95,686.95,652645
09/24/2024,656.75,688.3,651.5,681.35,681.35,588882
09/23/2024,665.0,675.45,648.75,651.5,651.5,207923
09/20/2024,660.0,670.0,651.85,663.65,663.65,288677
09/19/2024,676.95,683.65,628.85,654.8,654.8,547174
09/18/2024,664.55,703.35,664.55,671.25,671.25,1199117
09/17/2024,681.05,683.0,657.1,664.5,664.5,433602
09/16/2024,658.6,687.7,658.6,681.7,681.7,614859
09/13/2024,668.35,676.0,650.0,654.65,654.65,620964
09/12/2024,674.55,683.95,655.5,666.35,666.35,1453991
09/11/2024,655.35,683.0,651.05,667.0,667.0,1923769
09/10/2024,638.95,687.3,633.7,653.7,653.7,2690039
09/09/2024,604.05,639.0,584.35,628.0,628.0,779427
09/06/2024,622.0,631.95,598.3,602.8,602.8,962008
09/05/2024,617.0,633.5,611.0,626.95,626.95,902391
09/04/2024,586.05,620.7,584.3,614.1,614.1,1100202
09/03/2024,608.95,614.85,593.35,595.6,595.6,721808
09/02/2024,620.95,633.9,587.15,609.75,609.75,961817
08/30/2024,556.15,631.3,543.2,621.8,621.8,2145102
08/29/2024,558.05,565.0,540.05,554.45,554.45,981579
08/28/2024,548.05,559.65,534.95,538.05,538.05,641540
08/26/2024,560.0,565.45,505.25,530.05,530.05,1424475
08/23/2024,557.9,571.0,551.15,554.5,554.5,861203
08/22/2024,585.0,604.45,537.95,554.0,554.0,1211296
08/21/2024,574.05,583.15,570.1,573.1,573.1,247808
08/20/2024,575.65,584.95,567.25,572.75,572.75,689435
08/19/2024,565.0,594.2,565.0,573.2,573.2,561611
08/16/2024,543.35,569.0,536.25,563.9,563.9,1104629
08/14/2024,508.9,546.5,505.1,539.6,539.6,638789
08/13/2024,514.6,524.2,503.9,505.85,505.85,265337
08/12/2024,502.1,526.8,499.25,514.55,514.55,712960
08/09/2024,519.95,521.65,509.0,512.25,512.25,294598
08/08/2024,507.4,534.85,501.7,508.45,508.45,1090072
08/07/2024,501.85,510.85,493.45,506.95,506.95,182871
08/06/2024,503.05,522.15,482.9,487.25,487.25,364768
08/05/2024,516.2,516.2,481.75,498.8,498.8,547374
08/02/2024,494.05,542.5,492.5,526.75,526.75,1516558
08/01/2024,498.5,520.1,492.35,497.2,497.2,273787
07/31/2024,495.85,507.55,493.0,494.1,494.1,224329
07/30/2024,498.05,513.0,495.0,497.25,497.25,294075
07/29/2024,514.95,518.7,490.35,493.2,493.2,464875
07/26/2024,458.15,508.85,458.15,508.85,508.85,373427
07/25/2024,450.5,464.2,448.7,462.6,462.6,88472
07/24/2024,453.45,467.95,448.35,455.95,455.95,107363
07/23/2024,453.0,464.35,436.75,457.2,457.2,337810
07/22/2024,449.35,462.0,444.3,453.0,453.0,161746
07/19/2024,438.95,472.15,425.65,458.7,458.7,521950
07/18/2024,455.15,464.6,442.85,445.05,445.05,163938
07/16/2024,465.0,471.45,454.85,459.75,459.75,123239
07/15/2024,465.4,475.9,461.8,469.15,469.15,379776
07/12/2024,480.0,482.6,461.25,467.25,467.25,147509
07/11/2024,468.7,491.5,468.7,479.1,479.1,340285
07/10/2024,465.0,474.45,453.6,467.05,467.05,697694
07/09/2024,477.65,477.65,448.9,461.8,461.8,317607
07/08/2024,437.55,479.7,437.55,472.05,472.05,1611189
07/05/2024,413.55,442.0,412.3,436.6,436.6,1004831
07/04/2024,417.55,430.05,411.2,412.65,412.65,128961
07/03/2024,422.65,425.0,415.0,417.5,417.5,104646
07/02/2024,412.9,423.0,409.1,420.8,420.8,157588
07/01/2024,402.55,423.55,402.55,411.7,411.7,718691
06/28/2024,403.3,411.3,400.3,402.2,402.2,128165
06/27/2024,409.65,410.75,400.25,404.15,404.15,281102
06/26/2024,413.35,414.3,407.0,409.45,409.45,202240
06/25/2024,414.0,424.3,409.1,413.3,413.3,177441
06/24/2024,409.1,416.9,406.15,410.5,410.5,329630
06/21/2024,411.05,414.85,402.45,411.3,411.3,358094
06/20/2024,413.95,420.0,410.5,411.65,411.65,310533
06/19/2024,419.3,423.2,404.15,410.4,410.4,215052
06/18/2024,438.0,442.15,411.65,417.1,417.1,5037798
06/14/2024,436.35,440.0,421.05,424.9,424.9,802225
06/13/2024,407.95,438.95,405.3,428.5,428.5,2231652
06/12/2024,382.0,418.0,376.85,402.65,402.65,695265
06/11/2024,391.15,393.35,378.0,380.5,380.5,760273
06/10/2024,383.95,414.0,381.5,389.6,389.6,405893
06/07/2024,349.1,381.2,347.5,381.2,381.2,388526
06/06/2024,345.55,349.8,338.0,346.55,346.55,403210
06/05/2024,356.15,356.15,339.35,339.85,339.85,367940
06/04/2024,372.2,372.6,357.2,357.2,357.2,218860
06/03/2024,378.0,379.25,368.45,375.95,375.95,1709493
05/31/2024,386.0,396.35,358.65,361.2,361.2,2414984
05/30/2024,377.5,377.5,377.5,377.5,377.5,235781
05/29/2024,359.55,359.55,359.55,359.55,359.55,240405
05/28/2024,359.45,364.0,341.55,342.45,342.45,135588
05/27/2024,341.8,357.95,341.8,356.55,356.55,600467
05/24/2024,353.25,354.0,339.0,340.95,340.95,223140
05/23/2024,368.0,368.0,353.55,356.2,356.2,374885
05/22/2024,356.9,369.3,344.65,368.85,368.85,702437
05/21/2024,343.4,361.5,341.5,351.75,351.75,229780
05/17/2024,343.7,346.9,338.25,342.1,342.1,54321
05/16/2024,343.55,350.0,339.0,341.8,341.8,168176
05/15/2024,339.8,347.6,331.45,343.25,343.25,101793
05/14/2024,343.15,343.6,333.35,339.7,339.7,60522
05/13/2024,357.7,359.0,335.4,343.4,343.4,346695
05/10/2024,340.0,349.95,335.95,349.95,349.95,1017082
05/09/2024,314.0,333.3,310.0,333.3,333.3,1207505
05/08/2024,330.55,331.0,317.45,317.45,317.45,567159
05/07/2024,350.95,351.6,334.15,334.15,334.15,432380
05/06/2024,358.95,358.95,351.7,351.7,351.7,316462
05/03/2024,372.55,375.95,368.0,370.2,370.2,54923
05/02/2024,372.15,386.05,366.55,371.6,371.6,121636
04/30/2024,378.25,378.55,371.9,372.35,372.35,164005
04/29/2024,378.6,380.0,374.0,377.8,377.8,184950
04/26/2024,380.15,381.8,376.0,376.9,376.9,189360
04/25/2024,381.65,382.8,378.05,379.05,379.05,126941
04/24/2024,385.35,391.3,380.3,382.7,382.7,135614
04/23/2024,384.3,384.6,375.7,382.85,382.85,173056
04/22/2024,382.2,384.4,376.05,377.8,377.8,146792
04/19/2024,385.55,387.85,377.0,377.9,377.9,68100
04/18/2024,400.45,404.55,386.75,388.4,388.4,175981
04/16/2024,389.65,397.35,385.0,391.35,391.35,48363
04/15/2024,375.05,398.25,375.05,389.6,389.6,270347
04/12/2024,400.55,401.0,391.1,391.85,391.85,66753
04/10/2024,398.75,404.1,388.0,400.5,400.5,472637
04/09/2024,415.25,416.45,402.8,404.3,404.3,177646
04/08/2024,414.7,421.8,411.1,412.35,412.35,174007
04/05/2024,410.6,422.55,409.65,417.7,417.7,153970
04/04/2024,413.5,416.95,409.1,410.6,410.6,204319
04/03/2024,416.8,419.05,410.0,410.95,410.95,186569
04/02/2024,409.55,421.6,404.6,416.45,416.45,346914
04/01/2024,402.75,408.45,399.0,406.2,406.2,285002
03/28/2024,402.05,404.9,398.3,402.75,402.75,487892
03/27/2024,397.95,414.85,394.0,396.85,396.85,319662
03/26/2024,401.75,404.5,393.85,398.25,398.25,470768
03/22/2024,412.05,417.3,397.85,402.5,402.5,396226
03/21/2024,431.2,437.45,406.0,411.15,411.15,422608
03/20/2024,415.6,425.85,406.4,420.2,420.2,277579
03/19/2024,404.8,408.85,391.45,405.85,405.85,1317723
03/18/2024,377.3,389.4,374.0,389.4,389.4,1465524
03/15/2024,370.9,370.9,366.3,370.9,370.9,489391
03/14/2024,334.35,361.9,334.35,353.25,353.25,683064
03/13/2024,370.05,370.8,351.9,351.9,351.9,411306
03/12/2024,386.05,391.0,370.4,370.4,370.4,568523
03/11/2024,402.55,409.1,386.45,389.85,389.85,404310
03/07/2024,401.25,405.5,396.95,401.05,401.05,201971
03/06/2024,404.65,404.65,384.0,393.0,393.0,182693
03/05/2024,417.65,417.65,399.05,404.1,404.1,3220914
03/04/2024,411.0,424.0,400.0,418.5,418.5,451645
03/01/2024,413.55,425.45,413.3,425.45,425.45,796692
02/29/2024,392.05,420.0,385.85,405.2,405.2,665828
02/28/2024,430.1,432.3,406.15,406.15,406.15,267152
02/27/2024,426.8,449.3,413.55,427.5,427.5,1369198
02/26/2024,416.9,427.95,416.9,427.95,427.95,721912
02/23/2024,395.0,407.6,385.15,407.6,407.6,404960
02/22/2024,403.25,403.25,380.45,388.2,388.2,2111252
02/21/2024,395.25,395.25,395.25,395.25,395.25,176831
02/20/2024,376.45,376.45,376.45,376.45,376.45,124664
02/19/2024,358.55,358.55,358.55,358.55,358.55,112836
02/16/2024,318.75,341.5,318.35,341.5,341.5,2224554
02/15/2024,325.3,338.4,325.25,325.25,325.25,1104670
02/14/2024,353.5,360.0,342.35,342.35,342.35,1603549
02/13/2024,400.1,408.65,380.35,380.35,380.35,1591960
02/12/2024,428.75,436.0,411.1,422.6,422.6,1095159
02/09/2024,416.35,438.2,408.3,419.85,419.85,1781614
02/08/2024,524.0,526.4,447.1,447.1,447.1,2278788
02/07/2024,461.3,496.75,461.3,496.75,496.75,2581861
02/06/2024,401.0,472.5,395.5,451.6,451.6,2905895
02/05/2024,438.35,438.7,438.35,438.35,438.35,1144595
02/02/2024,487.05,487.05,487.05,487.05,487.05,615676
02/01/2024,608.8,608.8,608.8,608.8,608.8,198191
01/31/2024,760.85,774.0,753.85,761.0,761.0,161008
01/30/2024,752.1,766.95,752.1,761.1,761.1,75034
01/29/2024,763.1,768.5,746.25,751.1,751.1,126117
01/25/2024,759.75,767.4,756.35,762.9,762.9,4294258
01/24/2024,750.15,759.5,744.15,752.7,752.7,155245
01/23/2024,794.85,794.85,736.8,755.45,755.45,565577
01/19/2024,761.1,788.65,760.0,773.9,773.9,794862
01/17/2024,740.15,769.0,730.3,735.85,735.85,542361
01/16/2024,718.0,750.0,717.0,747.35,747.35,1024343
01/15/2024,694.6,722.3,684.0,715.45,715.45,288043
01/12/2024,686.35,695.95,684.45,692.2,692.2,116491
01/11/2024,690.75,691.45,679.0,684.45,684.45,75741
01/10/2024,688.0,693.65,681.7,684.8,684.8,93247
01/09/2024,696.95,699.25,676.6,684.95,684.95,143931
01/08/2024,686.25,702.85,684.35,690.5,690.5,166319
01/05/2024,675.45,688.05,672.1,685.0,685.0,280892
01/04/2024,678.8,678.8,664.7,668.35,668.35,145135
01/03/2024,653.55,678.7,647.85,672.45,672.45,958129
01/02/2024,648.9,653.5,641.0,651.25,651.25,425089
01/01/2024,638.9,648.8,636.9,646.25,646.25,113632
12/29/2023,633.4,643.2,631.8,635.3,635.3,102211
12/28/2023,637.05,640.25,631.25,633.95,633.95,66300
12/27/2023,635.7,641.65,630.0,634.5,634.5,620489
12/26/2023,643.05,644.2,630.0,631.65,631.65,160575
12/22/2023,645.0,650.0,635.25,641.9,641.9,553103
12/21/2023,614.55,642.05,605.6,638.5,638.5,287487
12/20/2023,627.7,635.85,610.05,614.55,614.55,5620541
12/19/2023,623.95,625.75,618.6,622.6,622.6,820519
12/18/2023,610.7,624.3,607.65,615.8,615.8,338267
12/15/2023,603.65,609.45,600.4,605.85,605.85,480518
12/14/2023,604.0,615.9,604.0,606.2,606.2,916263
12/13/2023,617.95,617.95,592.85,601.45,601.45,1118935
12/12/2023,656.7,658.35,614.5,616.5,616.5,920746
12/11/2023,665.0,669.0,651.2,656.55,656.55,604633
12/08/2023,673.85,680.0,637.35,651.9,651.9,1400118
12/07/2023,744.95,744.95,650.65,661.3,661.3,4850355
12/06/2023,845.0,847.6,810.05,813.3,813.3,420448
12/05/2023,856.15,867.0,836.0,839.5,839.5,100897
12/04/2023,876.45,881.5,853.0,855.3,855.3,105270
12/01/2023,876.45,884.0,866.75,870.65,870.65,49162
11/30/2023,875.65,886.75,862.45,874.2,874.2,230035
11/29/2023,890.05,891.85,861.75,866.05,866.05,232351
11/28/2023,889.0,894.7,880.0,888.65,888.65,352586
11/24/2023,922.75,922.75,880.0,893.0,893.0,1022806
11/23/2023,919.95,926.7,910.5,922.8,922.8,40248
11/22/2023,915.05,922.2,910.1,918.65,918.65,216904
11/21/2023,909.85,918.0,894.4,913.05,913.05,80459
11/20/2023,894.05,905.0,890.65,900.9,900.9,59699
11/17/2023,896.95,896.95,870.2,888.0,888.0,295219
11/16/2023,922.0,922.0,898.5,905.4,905.4,151783
11/15/2023,913.05,925.0,903.4,919.5,919.5,116580
11/13/2023,891.95,899.1,890.7,893.6,893.6,59484
11/10/2023,898.45,898.45,880.3,893.35,893.35,37694
11/09/2023,900.0,904.0,890.2,894.2,894.2,66418
11/08/2023,885.0,906.8,885.0,897.4,897.4,87698
11/07/2023,887.95,893.7,876.95,881.25,881.25,91091
11/06/2023,914.0,914.75,876.2,880.3,880.3,100428
11/03/2023,926.95,928.6,897.0,903.8,903.8,158524
11/02/2023,924.0,928.3,913.65,920.8,920.8,93294
11/01/2023,920.8,928.0,908.65,913.4,913.4,93636
10/31/2023,943.95,952.6,912.2,920.95,920.95,155667
10/30/2023,903.2,937.9,895.9,924.55,924.55,66862
10/27/2023,884.6,914.8,882.75,895.85,895.85,180840
10/26/2023,906.25,909.55,870.05,876.35,876.35,123181
10/25/2023,929.95,937.8,884.65,915.95,915.95,215341
10/23/2023,989.0,992.05,882.1,922.65,922.65,273793
10/20/2023,972.95,998.3,961.4,987.35,987.35,337668
10/19/2023,955.9,976.4,936.0,968.7,968.7,249482
10/18/2023,941.95,951.0,935.05,948.05,948.05,116682
10/17/2023,942.55,946.5,928.0,941.9,941.9,111742
10/16/2023,935.65,943.55,925.1,939.35,939.35,52348
10/13/2023,949.0,967.0,929.0,932.9,932.9,155681
10/12/2023,984.9,984.9,951.8,957.6,957.6,146288
10/11/2023,949.5,978.0,946.55,971.9,971.9,186917
10/10/2023,913.85,954.6,910.15,949.5,949.5,240721
10/09/2023,915.3,928.3,896.15,905.0,905.0,121258
10/06/2023,897.05,936.0,897.05,927.9,927.9,595153
10/05/2023,865.0,901.5,863.75,896.1,896.1,63987
10/04/2023,874.0,875.1,850.05,862.9,862.9,117634
10/03/2023,857.15,880.35,855.35,876.65,876.65,56606
09/29/2023,858.0,861.65,854.5,857.2,857.2,103833
09/28/2023,851.0,857.35,847.55,854.1,854.1,72715
09/27/2023,852.2,856.8,848.05,853.25,853.25,50083
09/26/2023,845.05,856.35,842.55,852.15,852.15,38307
09/25/2023,845.0,873.3,834.1,848.0,848.0,252300
09/22/2023,845.0,854.0,835.0,850.55,850.55,53436
09/21/2023,850.15,858.5,835.3,839.85,839.85,53090
09/20/2023,862.05,863.5,850.2,853.1,853.1,135865
09/18/2023,882.95,885.15,870.0,873.25,873.25,70055
09/15/2023,856.05,895.0,856.05,883.65,883.65,184180
09/14/2023,851.0,867.0,847.2,855.8,855.8,157624
09/13/2023,869.75,877.7,825.35,838.3,838.3,297084
09/12/2023,906.0,913.3,855.0,864.95,864.95,161971
09/11/2023,915.05,919.85,896.0,904.2,904.2,90164
09/08/2023,892.2,919.0,883.8,904.25,904.25,92705
09/07/2023,900.05,905.0,883.0,894.15,894.15,172069
09/06/2023,885.0,902.6,883.2,898.8,898.8,116133
09/05/2023,863.05,888.6,863.05,880.9,880.9,239869
09/04/2023,858.1,864.45,849.85,856.8,856.8,86589
09/01/2023,854.15,874.1,850.3,857.2,857.2,69671
08/31/2023,864.9,865.5,852.0,853.6,853.6,48613
08/30/2023,857.35,867.25,852.9,861.7,861.7,232575
08/29/2023,883.0,883.0,850.0,852.9,852.9,175116
08/28/2023,902.65,904.9,866.05,882.55,882.55,316168
08/25/2023,915.0,939.0,888.0,899.3,899.3,23050230
08/24/2023,925.05,931.0,899.0,904.2,904.2,399554
08/23/2023,857.4,916.25,857.4,905.6,905.6,275249
08/22/2023,840.05,861.65,840.05,857.15,857.15,59763
08/21/2023,842.75,855.65,830.05,837.9,837.9,88384
08/18/2023,863.25,874.35,853.2,859.75,859.75,142976
08/17/2023,877.75,890.0,863.8,866.2,866.2,185376
08/16/2023,856.05,881.0,855.1,874.45,874.45,56030
08/14/2023,864.0,869.3,841.0,863.55,863.55,78819
08/11/2023,857.9,873.2,852.9,864.05,864.05,85719
08/10/2023,838.0,867.95,833.6,857.9,857.9,114964
08/09/2023,829.0,845.9,825.25,838.5,838.5,82651
08/08/2023,840.0,849.7,827.05,830.4,830.4,195809
08/07/2023,860.55,887.55,835.5,850.75,850.75,444380
08/04/2023,785.0,799.4,776.5,795.45,795.45,385177
08/03/2023,777.9,781.5,764.25,767.35,767.35,127436
07/28/2023,771.15,778.7,755.0,762.75,762.75,128444
07/26/2023,790.0,798.3,775.3,788.05,788.05,117175
07/24/2023,843.55,857.0,795.6,801.8,801.8,365032
07/21/2023,850.05,852.8,829.3,843.55,843.55,101769
07/20/2023,843.0,854.45,830.9,851.1,851.1,118581
07/19/2023,842.1,851.55,825.5,843.0,843.0,144019
07/17/2023,854.0,864.6,848.2,862.55,862.55,135871
07/14/2023,843.0,853.8,839.55,851.35,851.35,61788
07/10/2023,850.7,855.0,819.0,823.5,823.5,185307
07/07/2023,868.0,868.0,849.5,850.7,850.7,107845
06/30/2023,849.55,870.5,849.55,868.05,868.05,72045
06/28/2023,855.1,862.55,843.2,849.5,849.5,153720
06/27/2023,841.55,858.0,839.0,852.8,852.8,139747
06/26/2023,841.15,857.0,834.0,838.65,838.65,81402
06/23/2023,867.05,870.9,834.45,841.15,841.15,225654
06/22/2023,873.85,884.95,861.6,866.85,866.85,183823
06/21/2023,895.0,900.45,867.15,872.95,872.95,101454
06/20/2023,874.15,899.3,865.5,895.3,895.3,175972
06/19/2023,895.0,915.0,861.3,870.75,870.75,437356
06/16/2023,892.9,909.25,874.0,895.5,895.5,576287
06/15/2023,854.0,898.3,847.65,892.9,892.9,499863
06/14/2023,834.05,863.95,834.0,856.65,856.65,311636
06/13/2023,812.3,839.0,808.45,833.0,833.0,254726
06/12/2023,817.85,819.15,793.5,811.95,811.95,386941
06/09/2023,778.0,821.7,775.4,814.8,814.8,925091
06/08/2023,735.5,785.5,735.5,772.35,772.35,1090816
06/07/2023,710.55,729.95,710.55,727.0,727.0,281135
06/06/2023,714.15,718.15,707.0,709.6,709.6,33163
06/05/2023,724.0,725.45,709.45,714.05,714.05,145983
06/02/2023,703.5,721.55,703.1,717.55,717.55,254313
06/01/2023,697.0,706.0,694.9,702.05,702.05,47380
05/31/2023,696.6,700.1,692.7,696.7,696.7,90048
05/30/2023,705.15,707.1,696.65,701.3,701.3,31903
05/26/2023,714.1,720.0,704.5,706.05,706.05,121301
05/25/2023,715.05,728.0,711.05,714.05,714.05,99107
05/24/2023,716.5,718.8,710.0,715.45,715.45,41679
05/23/2023,707.15,722.75,705.25,719.55,719.55,191728
05/22/2023,722.65,722.95,704.0,707.0,707.0,81380
05/19/2023,709.3,714.65,701.05,710.1,710.1,64115
05/17/2023,725.05,729.45,717.05,721.7,721.7,161652
05/16/2023,712.75,726.25,710.7,723.35,723.35,136728
05/15/2023,687.05,716.8,687.05,712.75,712.75,338135
05/12/2023,698.4,706.1,682.75,687.85,687.85,233764
05/11/2023,730.0,731.5,694.1,698.4,698.4,297187
05/10/2023,708.55,732.0,700.15,727.6,727.6,267987
05/09/2023,725.35,741.95,701.45,707.2,707.2,734604
05/08/2023,698.0,729.35,697.55,723.6,723.6,596371
05/05/2023,671.0,697.55,670.5,689.45,689.45,678056
05/04/2023,665.05,672.9,662.45,671.0,671.0,72830
05/03/2023,661.0,673.0,655.0,661.8,661.8,199949
05/02/2023,659.9,675.6,657.25,660.85,660.85,220387
04/28/2023,648.0,657.0,641.25,653.9,653.9,134446
04/27/2023,648.05,649.65,641.05,643.65,643.65,100718
04/26/2023,650.0,652.95,644.1,648.25,648.25,47145
04/25/2023,664.65,674.05,643.9,647.9,647.9,221320
04/24/2023,655.05,668.0,655.05,663.95,663.95,87580
04/21/2023,659.9,660.65,648.0,654.7,654.7,128010
04/20/2023,648.0,669.0,648.0,656.9,656.9,361726
04/19/2023,646.3,651.95,640.95,644.35,644.35,58356
04/18/2023,645.0,654.1,641.1,644.05,644.05,78877
04/17/2023,650.0,650.0,637.0,645.6,645.6,130559
04/13/2023,650.0,653.6,642.5,651.15,651.15,107585
04/12/2023,658.2,662.2,644.35,648.3,648.3,146716
04/11/2023,658.05,666.85,653.8,657.7,657.7,96561
04/10/2023,646.5,663.5,645.8,655.2,655.2,3240887
04/06/2023,640.6,655.7,637.55,646.0,646.0,123906
04/05/2023,637.2,648.0,637.2,640.6,640.6,86717
04/03/2023,640.0,642.45,631.0,638.95,638.95,167501
03/31/2023,627.55,655.8,623.95,637.0,637.0,557807
03/29/2023,619.0,635.85,611.2,629.7,629.7,299864
03/28/2023,638.0,638.6,611.0,617.5,617.5,183692
03/27/2023,621.2,638.05,618.85,621.3,621.3,187762
03/24/2023,619.0,628.5,615.8,619.3,619.3,219099
03/23/2023,628.0,638.8,618.0,622.5,622.5,522764
03/22/2023,585.25,630.0,585.2,624.55,624.55,735650
03/21/2023,564.45,586.8,564.45,584.4,584.4,366162
03/20/2023,559.75,577.0,556.3,559.25,559.25,232833
03/17/2023,579.75,585.35,570.55,578.5,578.5,101665
03/16/2023,573.0,577.7,563.0,571.4,571.4,260680
03/15/2023,585.05,593.5,570.0,573.95,573.95,138554
03/14/2023,582.1,597.5,576.1,579.25,579.25,321572
03/13/2023,591.05,612.65,577.25,580.9,580.9,462278
03/10/2023,605.0,605.0,589.25,593.1,593.1,262018
03/09/2023,622.15,625.45,603.2,606.25,606.25,161592
03/08/2023,623.15,624.0,613.0,620.4,620.4,75274
03/06/2023,630.0,635.35,620.95,625.3,625.3,223732
03/03/2023,598.3,634.0,598.3,628.05,628.05,426736
03/02/2023,610.0,613.5,601.45,604.45,604.45,157950
03/01/2023,600.5,615.7,600.0,608.5,608.5,168109
02/28/2023,632.4,633.5,578.55,597.2,597.2,449360
02/27/2023,639.9,655.3,626.9,634.55,634.55,468515
02/24/2023,607.05,637.95,605.25,623.25,623.25,508167
02/23/2023,609.2,621.9,601.55,606.75,606.75,141462
02/22/2023,622.15,628.0,604.2,608.05,608.05,106386
02/21/2023,630.05,636.75,616.7,622.55,622.55,177095
02/20/2023,623.1,633.3,621.2,630.6,630.6,118477
02/17/2023,628.0,639.9,621.1,626.3,626.3,187116
02/16/2023,640.0,650.0,623.2,629.4,629.4,125112
02/15/2023,639.0,650.0,633.8,639.85,639.85,79678
02/14/2023,654.0,655.25,637.15,642.55,642.55,119994
02/13/2023,650.2,679.0,647.75,653.65,653.65,388051
02/10/2023,706.55,706.6,645.35,650.2,650.2,1961605
02/09/2023,684.9,738.6,666.55,712.55,712.55,3196720
02/08/2023,613.0,697.9,613.0,677.6,677.6,2438266
02/07/2023,558.3,669.6,558.0,589.25,589.25,932255
02/06/2023,550.0,566.0,544.05,558.0,558.0,312474
02/03/2023,547.0,548.35,523.0,524.9,524.9,203913
02/02/2023,525.05,547.95,525.0,545.8,545.8,140454
02/01/2023,535.0,543.4,516.0,523.85,523.85,236266
01/31/2023,535.0,537.2,527.5,531.0,531.0,52303
01/30/2023,513.55,536.0,502.65,533.55,533.55,228507
01/27/2023,538.0,540.95,508.15,513.55,513.55,260416
01/25/2023,544.05,546.45,528.55,533.05,533.05,112794
01/24/2023,546.05,556.15,540.0,542.95,542.95,115181
01/23/2023,550.0,567.7,536.55,543.95,543.95,155891
01/20/2023,534.0,554.95,532.65,550.75,550.75,397241
01/19/2023,534.95,535.55,530.0,532.35,532.35,78798
01/18/2023,530.0,535.95,529.4,531.4,531.4,184887
01/17/2023,555.0,557.0,523.0,526.65,526.65,208625
01/16/2023,559.9,565.25,549.75,553.1,553.1,164213
01/13/2023,544.95,565.0,533.55,559.9,559.9,281464
01/12/2023,570.0,578.65,528.35,542.25,542.25,2896275
01/11/2023,574.8,583.95,571.9,579.5,579.5,134207
01/10/2023,563.65,581.05,554.0,574.75,574.75,187497
01/09/2023,566.2,574.0,562.05,563.65,563.65,175442
01/06/2023,539.4,563.6,539.4,550.7,550.7,225502
01/05/2023,541.0,543.1,533.8,541.25,541.25,73871
01/04/2023,535.0,545.0,532.0,540.15,540.15,145571
01/03/2023,532.05,536.4,532.0,535.2,535.2,69810
01/02/2023,529.65,536.5,527.05,531.9,531.9,59216
12/30/2022,530.0,540.7,528.15,530.8,530.8,145499
12/29/2022,528.3,534.0,523.3,527.2,527.2,88651
12/28/2022,514.4,541.5,511.05,535.5,535.5,497697
12/27/2022,505.6,517.7,505.6,512.95,512.95,81226
12/26/2022,476.8,511.0,476.8,503.8,503.8,290761
12/23/2022,500.15,503.65,472.0,476.4,476.4,158716
12/22/2022,518.3,522.35,504.7,506.5,506.5,272201
12/21/2022,528.1,532.0,515.0,517.2,517.2,93433
12/20/2022,523.0,529.05,523.0,526.4,526.4,146743
12/19/2022,528.0,532.0,522.15,523.55,523.55,93917
12/16/2022,525.15,533.9,524.0,527.8,527.8,253814
12/15/2022,533.0,536.95,530.1,532.05,532.05,137505
12/14/2022,548.95,548.95,525.6,529.15,529.15,621687
12/13/2022,534.0,545.0,533.25,539.5,539.5,269547
12/12/2022,544.0,554.7,520.6,528.1,528.1,691772
12/09/2022,542.0,547.5,527.6,545.0,545.0,1679070
12/08/2022,510.0,517.0,506.25,508.4,508.4,159972
12/07/2022,515.15,523.35,506.3,509.85,509.85,198631
12/06/2022,522.0,527.95,512.6,514.45,514.45,433002
12/05/2022,544.0,548.85,521.1,523.45,523.45,621725
12/02/2022,506.0,543.45,506.0,536.9,536.9,1462419
12/01/2022,486.0,504.8,485.15,501.5,501.5,640805
11/30/2022,484.1,488.35,477.35,481.65,481.65,505931
11/29/2022,474.5,486.55,471.5,484.1,484.1,951219
11/28/2022,446.75,479.25,444.35,461.75,461.75,748701
11/25/2022,454.0,474.95,448.0,464.8,464.8,959503
11/24/2022,457.0,466.9,439.6,441.05,441.05,748409
11/23/2022,478.05,488.35,440.35,452.3,452.3,1716303
11/22/2022,537.0,537.0,474.3,477.1,477.1,1451521
11/21/2022,546.3,553.0,532.05,536.2,536.2,127525
11/18/2022,541.0,553.0,527.5,546.3,546.3,536007
11/17/2022,563.25,565.5,535.2,539.55,539.55,4323679
11/16/2022,625.9,626.9,600.0,601.55,601.55,186785
11/15/2022,634.95,639.9,624.5,626.1,626.1,493750
11/14/2022,640.0,654.0,634.55,638.6,638.6,79386
11/11/2022,630.1,644.2,628.5,632.3,632.3,38320
11/10/2022,641.05,645.55,624.0,626.85,626.85,41847
11/09/2022,652.5,668.45,640.25,643.45,643.45,129225
11/07/2022,650.5,658.75,645.75,651.95,651.95,35053
11/04/2022,643.85,654.5,643.8,650.2,650.2,90771
11/03/2022,640.45,648.55,637.5,643.15,643.15,22870
11/02/2022,641.2,651.1,640.5,642.25,642.25,57932
11/01/2022,640.0,659.05,639.95,643.5,643.5,74835
10/31/2022,643.1,645.9,635.5,638.25,638.25,35445
10/28/2022,651.2,653.85,638.9,642.65,642.65,90685
10/27/2022,658.1,663.7,646.1,650.85,650.85,69544
10/25/2022,637.8,659.35,631.8,656.1,656.1,76179
10/24/2022,641.5,643.5,633.7,637.45,637.45,9918
10/21/2022,637.0,643.85,624.65,629.4,629.4,118111
10/20/2022,650.0,651.5,631.0,632.85,632.85,62433
10/19/2022,665.0,665.2,651.05,652.4,652.4,69272
10/18/2022,677.0,680.95,660.05,662.9,662.9,68561
10/17/2022,672.8,680.0,670.95,672.7,672.7,53982
10/14/2022,698.85,698.85,678.0,681.35,681.35,68552
10/13/2022,702.65,705.55,683.7,686.25,686.25,65913
10/12/2022,711.05,715.0,696.9,701.05,701.05,44791
10/11/2022,729.0,737.35,705.0,708.05,708.05,106024
10/10/2022,705.05,745.0,702.45,727.35,727.35,268867
10/07/2022,688.25,711.0,686.6,707.85,707.85,69187
10/06/2022,678.95,693.8,676.5,688.05,688.05,46277
10/04/2022,675.0,676.9,664.0,674.75,674.75,88152
10/03/2022,645.0,665.95,641.25,660.6,660.6,97004
09/30/2022,635.95,649.0,631.25,637.8,637.8,160170
09/29/2022,651.8,655.0,627.6,632.5,632.5,70248
09/28/2022,659.75,664.1,639.05,644.9,644.9,92598
09/27/2022,666.95,671.95,657.0,659.75,659.75,36983
09/26/2022,689.0,693.35,651.3,657.25,657.25,61977
09/23/2022,702.9,707.9,688.2,692.45,692.45,72304
09/22/2022,682.0,692.35,680.4,684.6,684.6,32949
09/21/2022,699.0,704.75,680.0,684.4,684.4,103013
09/20/2022,712.0,714.95,692.1,697.75,697.75,45209
09/19/2022,717.0,724.1,702.8,706.6,706.6,48278
09/16/2022,728.0,731.3,687.6,717.4,717.4,219866
09/15/2022,730.0,736.9,719.8,729.9,729.9,95743
09/14/2022,719.8,732.6,712.1,725.75,725.75,74793
09/13/2022,737.0,743.3,733.2,735.3,735.3,121962
09/12/2022,727.85,747.75,725.25,737.7,737.7,103325
09/09/2022,710.1,739.85,708.35,727.85,727.85,204390
09/08/2022,712.0,718.95,705.15,707.0,707.0,102354
09/07/2022,706.05,715.65,703.3,706.8,706.8,62502
09/06/2022,711.05,724.75,706.3,708.95,708.95,89579
09/05/2022,700.0,718.15,681.2,708.6,708.6,254089
09/02/2022,730.0,739.0,725.15,727.55,727.55,43093
09/01/2022,717.75,736.05,717.3,732.35,732.35,53232
08/30/2022,735.55,738.9,714.15,717.75,717.75,63582
08/29/2022,742.0,746.85,721.25,726.1,726.1,70208
08/26/2022,770.0,777.0,760.1,761.85,761.85,37982
08/25/2022,772.0,780.3,766.55,768.6,768.6,91039
08/24/2022,776.7,781.1,766.15,768.7,768.7,63018
08/23/2022,776.0,784.45,772.0,776.15,776.15,88557
08/22/2022,786.55,800.05,773.15,776.6,776.6,186429
08/19/2022,792.9,792.9,767.25,771.85,771.85,139599
08/18/2022,786.5,794.6,782.5,786.45,786.45,66065
08/17/2022,786.0,799.9,782.15,784.5,784.5,76547
08/16/2022,791.8,798.3,780.15,783.4,783.4,131688
08/12/2022,820.0,820.0,775.0,787.15,787.15,403543
08/11/2022,833.0,841.5,820.0,825.5,825.5,157437
08/10/2022,839.3,840.65,821.05,827.05,827.05,169355
08/08/2022,783.65,844.4,778.0,834.3,834.3,645895
08/05/2022,813.5,816.7,775.15,783.65,783.65,294717
08/04/2022,806.0,825.25,779.8,809.55,809.55,293484
08/03/2022,757.2,814.55,741.35,804.15,804.15,421828
08/02/2022,744.9,770.0,738.75,754.2,754.2,335030
08/01/2022,706.65,751.85,706.65,745.0,745.0,166104
07/29/2022,720.0,728.0,580.0,674.75,674.75,127371
07/28/2022,718.8,721.9,709.0,715.65,715.65,64105
07/27/2022,698.0,719.0,691.05,713.65,713.65,227654
07/26/2022,753.3,759.1,678.4,699.45,699.45,333180
07/25/2022,741.25,763.0,726.25,757.75,757.75,237296
07/22/2022,744.95,749.4,736.8,743.1,743.1,73042
07/21/2022,738.1,749.4,735.0,744.95,744.95,171327
07/20/2022,744.45,744.5,731.6,736.9,736.9,168998
07/19/2022,732.0,743.05,725.85,737.6,737.6,205595
07/18/2022,717.3,734.9,708.65,731.3,731.3,120654
07/15/2022,721.2,728.6,698.8,708.65,708.65,132955
07/14/2022,709.0,739.0,708.85,717.9,717.9,493577
07/13/2022,702.0,718.5,702.0,707.8,707.8,115100
07/12/2022,710.0,710.05,692.2,696.15,696.15,81523
07/11/2022,704.9,718.95,697.45,709.35,709.35,292806
07/08/2022,693.0,705.9,692.45,699.1,699.1,94252
07/07/2022,698.0,704.65,686.15,690.25,690.25,253217
07/06/2022,655.35,697.0,655.35,691.35,691.35,211540
07/05/2022,648.0,661.9,643.0,655.35,655.35,128974
07/04/2022,657.5,669.0,632.15,644.65,644.65,249534
07/01/2022,674.9,675.05,652.25,657.3,657.3,230265
06/30/2022,706.1,717.2,660.0,675.8,675.8,302949
06/29/2022,697.0,713.6,690.0,705.75,705.75,177065
06/28/2022,703.0,723.55,701.2,706.9,706.9,693894
06/27/2022,652.4,710.0,652.4,702.15,702.15,389580
06/24/2022,630.0,653.7,630.0,647.95,647.95,179638
06/23/2022,622.0,634.3,622.0,627.7,627.7,163097
06/22/2022,640.0,640.0,618.35,621.7,621.7,82752
06/21/2022,652.2,658.3,632.2,638.2,638.2,206945
06/20/2022,642.0,653.15,620.0,644.35,644.35,233907
06/17/2022,606.85,648.0,600.4,629.1,629.1,333947
06/16/2022,628.0,645.0,607.6,613.0,613.0,279809
06/15/2022,616.0,625.0,613.0,616.45,616.45,147925
06/14/2022,583.1,612.0,583.1,606.4,606.4,288303
06/13/2022,586.3,597.2,578.5,583.1,583.1,208312
06/10/2022,615.0,620.25,594.05,600.6,600.6,203369
06/09/2022,615.0,631.75,609.25,623.35,623.35,185871
06/08/2022,623.9,639.0,608.65,614.6,614.6,187940
06/07/2022,619.7,627.95,614.05,617.4,617.4,185550
06/06/2022,621.0,621.0,603.65,614.6,614.6,120365
06/03/2022,649.0,649.0,620.8,623.15,623.15,220760
06/02/2022,653.1,661.2,632.1,634.55,634.55,261463
06/01/2022,654.5,676.5,648.95,654.85,654.85,197277
05/31/2022,640.0,664.35,633.75,652.9,652.9,467835
05/30/2022,620.0,647.0,620.0,643.5,643.5,375368
05/27/2022,606.45,623.65,603.5,616.65,616.65,281771
05/26/2022,593.05,609.95,575.4,606.45,606.45,293959
05/25/2022,648.0,653.35,572.0,593.05,593.05,533726
05/24/2022,620.0,651.0,610.0,646.8,646.8,739596
05/23/2022,552.4,631.0,552.4,620.0,620.0,788512
05/20/2022,564.9,581.6,562.0,575.35,575.35,219833
05/19/2022,569.9,571.3,550.0,553.75,553.75,118662
05/18/2022,576.65,605.65,576.65,587.6,587.6,347173
05/17/2022,589.9,603.35,577.3,586.3,586.3,230303
05/16/2022,551.0,599.0,548.0,591.45,591.45,432561
05/13/2022,520.0,555.55,517.1,543.3,543.3,266034
05/12/2022,523.6,527.85,511.0,515.65,515.65,271526
05/11/2022,551.85,553.0,518.5,530.85,530.85,260584
05/10/2022,558.8,572.2,534.75,545.65,545.65,179536
05/09/2022,559.0,562.7,550.0,555.8,555.8,253640
05/06/2022,561.0,575.15,547.6,568.15,568.15,222282
05/05/2022,594.2,594.2,571.95,575.1,575.1,149470
05/04/2022,604.0,608.8,580.0,582.9,582.9,389498
04/29/2022,590.8,595.0,579.7,581.45,581.45,220754
04/28/2022,597.0,603.9,580.25,582.2,582.2,210560
04/27/2022,607.0,609.7,590.0,592.0,592.0,342879
04/26/2022,610.0,622.0,604.15,613.7,613.7,257329
04/25/2022,621.0,621.0,596.55,599.05,599.05,413493
04/22/2022,642.0,654.9,622.25,625.7,625.7,400510
04/21/2022,656.8,659.0,638.05,641.25,641.25,263367
04/20/2022,658.0,674.3,637.05,639.6,639.6,332601
04/19/2022,675.0,693.9,633.25,654.6,654.6,674651
04/18/2022,685.95,685.95,655.05,661.85,661.85,294989
04/13/2022,701.0,720.65,671.0,688.5,688.5,399929
04/12/2022,690.0,719.4,679.0,697.85,697.85,1875797
04/11/2022,622.0,701.85,616.35,688.6,688.6,1960561
04/08/2022,629.0,635.0,614.0,617.15,617.15,241107
04/07/2022,650.0,657.0,617.2,624.1,624.1,418415
04/06/2022,602.55,648.95,594.95,637.15,637.15,1423799
04/05/2022,613.95,629.0,603.5,609.3,609.3,922976
04/04/2022,577.0,620.0,572.65,610.65,610.65,843477
04/01/2022,532.0,582.4,530.65,570.95,570.95,746510
03/31/2022,545.0,548.55,525.15,528.2,528.2,243517
03/30/2022,530.5,549.05,528.8,541.2,541.2,245678
03/29/2022,536.05,545.1,522.55,524.7,524.7,442180
03/28/2022,557.0,557.0,532.1,535.65,535.65,430651
03/25/2022,578.0,589.0,541.25,546.2,546.2,655907
03/24/2022,523.0,594.95,520.1,574.35,574.35,1537562
03/23/2022,550.2,562.0,520.0,524.4,524.4,425482
03/22/2022,565.7,590.6,541.0,543.9,543.9,1134120
03/21/2022,596.0,596.0,560.35,565.35,565.35,582481
03/17/2022,634.4,637.0,590.0,596.3,596.3,1308803
03/16/2022,598.0,648.25,572.25,634.4,634.4,1710444
03/15/2022,695.0,702.1,585.0,592.4,592.4,1975967
03/14/2022,684.0,719.2,662.25,675.35,675.35,753057
03/11/2022,772.0,780.95,767.0,774.8,774.8,110560
03/10/2022,764.7,795.85,761.3,775.85,775.85,146600
03/09/2022,747.0,759.55,742.4,749.7,749.7,216138
03/08/2022,748.2,764.95,728.5,737.85,737.85,234008
03/07/2022,774.95,777.0,751.0,753.6,753.6,236294
03/04/2022,788.6,798.55,783.0,784.95,784.95,109043
03/03/2022,809.0,816.5,791.75,796.3,796.3,143777
03/02/2022,790.0,805.95,784.5,797.6,797.6,161591
02/28/2022,788.8,806.0,772.25,798.15,798.15,156087
02/25/2022,790.0,806.65,786.1,789.55,789.55,188720
02/24/2022,788.0,802.55,771.15,777.85,777.85,312048
02/23/2022,822.0,836.8,817.0,822.5,822.5,108408
02/22/2022,803.0,834.3,782.3,815.5,815.5,191843
02/21/2022,830.0,834.65,801.0,807.0,807.0,235819
02/18/2022,847.95,848.15,831.0,833.55,833.55,81797
02/17/2022,865.0,869.7,845.55,849.65,849.65,63695
02/16/2022,867.5,883.0,855.65,860.45,860.45,232795
02/15/2022,872.6,883.3,840.05,851.7,851.7,279020
02/11/2022,935.0,935.0,903.0,906.6,906.6,187373
02/10/2022,969.0,969.0,936.0,938.35,938.35,61515
02/09/2022,948.0,954.8,937.0,940.9,940.9,62329
02/08/2022,963.05,978.65,932.0,937.75,937.75,99100
02/07/2022,940.0,984.9,898.95,957.4,957.4,256832
02/04/2022,952.9,961.95,945.9,953.25,953.25,166807
02/03/2022,959.0,960.0,940.1,944.65,944.65,139904
02/02/2022,974.9,994.0,950.6,957.3,957.3,131479
02/01/2022,925.0,976.0,921.05,965.6,965.6,561333
01/31/2022,921.35,931.95,911.15,917.05,917.05,198591
01/28/2022,904.0,923.9,900.0,903.25,903.25,128311
01/27/2022,897.3,912.25,880.0,893.35,893.35,304526
01/25/2022,905.0,938.25,875.5,915.7,915.7,360194
01/24/2022,962.95,962.95,881.5,917.35,917.35,435841
01/21/2022,995.0,999.0,952.95,959.9,959.9,225331
01/20/2022,1010.0,1035.8,990.25,994.85,994.85,448719
01/19/2022,1045.1,1050.55,990.0,997.35,997.35,618038
01/18/2022,1105.0,1118.05,1030.0,1042.5,1042.5,212368
01/17/2022,1125.1,1147.4,1094.0,1105.0,1105.0,284777
01/14/2022,1021.55,1127.5,995.0,1118.35,1118.35,939619
01/13/2022,1082.05,1087.6,1025.55,1031.4,1031.4,572943
01/12/2022,1119.5,1133.15,1075.0,1083.4,1083.4,313824
01/11/2022,1165.0,1214.7,1113.5,1119.5,1119.5,338343
01/10/2022,1226.0,1230.0,1151.0,1157.9,1157.9,614250
01/07/2022,1264.85,1265.0,1230.0,1231.9,1231.9,104675
01/06/2022,1288.65,1288.7,1250.0,1253.9,1253.9,229440
01/05/2022,1319.0,1325.7,1285.0,1288.65,1288.65,192053
01/04/2022,1346.2,1349.0,1313.35,1318.35,1318.35,54618
01/03/2022,1335.1,1346.45,1335.1,1339.6,1339.6,58292
12/31/2021,1335.0,1347.0,1330.05,1335.1,1335.1,23048
12/30/2021,1334.8,1349.95,1325.25,1327.75,1327.75,62328
12/29/2021,1359.0,1379.5,1340.0,1341.95,1341.95,56156
12/28/2021,1349.95,1364.0,1345.5,1351.9,1351.9,32777
12/27/2021,1368.05,1368.05,1335.9,1344.75,1344.75,42812
12/24/2021,1348.85,1380.0,1330.3,1369.5,1369.5,120761
12/23/2021,1355.0,1384.8,1345.0,1348.85,1348.85,130548
12/22/2021,1342.65,1350.0,1331.1,1343.05,1343.05,50119
12/21/2021,1310.0,1349.0,1300.0,1310.3,1310.3,121772
12/20/2021,1321.0,1328.9,1290.1,1304.85,1304.85,217688
12/17/2021,1406.1,1410.4,1308.15,1321.9,1321.9,109594
12/16/2021,1416.05,1430.0,1390.5,1399.3,1399.3,228568
12/15/2021,1429.0,1430.0,1297.7,1380.05,1380.05,539887
12/14/2021,1540.0,1553.75,1490.0,1495.45,1495.45,59893
12/13/2021,1584.0,1584.0,1547.15,1554.5,1554.5,30035
12/10/2021,1599.9,1610.0,1563.0,1566.65,1566.65,100128
12/09/2021,1553.8,1645.0,1525.0,1594.55,1594.55,237625
12/08/2021,1605.0,1609.0,1550.0,1553.8,1553.8,36003
12/07/2021,1626.9,1635.0,1571.3,1576.6,1576.6,37606
12/06/2021,1656.0,1679.0,1598.2,1603.8,1603.8,62807
12/03/2021,1608.05,1697.0,1599.4,1649.8,1649.8,78345
12/02/2021,1637.0,1673.45,1592.35,1600.45,1600.45,62235
12/01/2021,1707.0,1724.0,1629.1,1636.55,1636.55,125786
11/30/2021,1734.9,1769.1,1679.55,1701.3,1701.3,150734
11/29/2021,1720.0,1810.0,1700.0,1734.2,1734.2,338638
11/26/2021,1777.0,1832.0,1661.1,1781.15,1781.15,412981
11/25/2021,1768.0,1875.0,1710.85,1796.55,1796.55,1230370
11/24/2021,1504.0,1790.0,1503.3,1753.15,1753.15,1664157
11/23/2021,1358.0,1525.0,1358.0,1494.95,1494.95,1116756
11/22/2021,1500.0,1518.15,1271.25,1360.3,1360.3,1911761
11/18/2021,1955.0,1961.05,1564.0,1564.15,1564.15,1006207
